{"name":"1bab32bc-7850-4101-9aae-d500f48957a6","id":"/providers/Microsoft.Flow/flows/1bab32bc-7850-4101-9aae-d500f48957a6","type":"Microsoft.Flow/flows","properties":{"apiId":"/providers/Microsoft.PowerApps/apis/shared_logicflows","displayName":"GeneratePDFfromPowerApps","definition":{"metadata":{"workflowEntityId":null,"processAdvisorMetadata":null,"flowChargedByPaygo":null,"flowclientsuspensionreason":"None","flowclientsuspensiontime":null,"flowclientsuspensionreasondetails":null,"creator":{"id":"db756695-8862-4d1f-bcc1-224b2c2ef194","type":"User","tenantId":"2e90887b-7ff9-4e8b-ab34-d35f3b5c0133"},"provisioningMethod":"FromDefinition","failureAlertSubscription":true,"clientLastModifiedTime":"2024-11-14T09:56:46.1060352Z","connectionKeySavedTimeKey":"2024-11-14T09:56:46.1060352Z"},"$schema":"https://schema.management.azure.com/providers/Microsoft.Logic/schemas/2016-06-01/workflowdefinition.json#","contentVersion":"1.0.0.0","parameters":{"$connections":{"defaultValue":{},"type":"Object"},"$authentication":{"defaultValue":{},"type":"SecureObject"}},"triggers":{"manual":{"metadata":{"operationMetadataId":"4c5c28a9-18aa-49ac-a1d8-3494ed4dc30f"},"type":"Request","kind":"PowerAppV2","inputs":{"schema":{"type":"object","properties":{"text":{"title":"TextData","type":"string","x-ms-dynamically-added":true,"description":"Text","x-ms-content-hint":"TEXT"},"text_1":{"title":"ImageData","type":"string","x-ms-dynamically-added":true,"description":"Text","x-ms-content-hint":"TEXT"}},"required":["text","text_1"]}}}},"actions":{"Variable_initialisieren":{"runAfter":{},"metadata":{"operationMetadataId":"b056f652-ef30-486d-8c33-220db72ad432"},"type":"InitializeVariable","inputs":{"variables":[{"name":"TextData","type":"string"}]}},"Variable_festlegen":{"runAfter":{"Variable_initialisieren":["Succeeded"]},"metadata":{"operationMetadataId":"cfc865dd-8d9a-43cb-9b71-72b1120abd08"},"type":"SetVariable","inputs":{"name":"TextData","value":"@{triggerBody()['TextData']}"}},"Variable_initialisieren_2":{"runAfter":{"Variable_festlegen":["Succeeded"]},"metadata":{"operationMetadataId":"0917d99f-2d39-47b8-815e-7a264102e1a2"},"type":"InitializeVariable","inputs":{"variables":[{"name":"ImageData","type":"string"}]}},"Variable_festlegen_2":{"runAfter":{"Variable_initialisieren_2":["Succeeded"]},"metadata":{"operationMetadataId":"ca8653cd-83c6-484a-b09b-0da31f19f9a7"},"type":"SetVariable","inputs":{"name":"ImageData","value":"@{triggerBody()['ImageData']}"}},"HTML_zu_Text":{"runAfter":{"Variable_festlegen_2":["Succeeded"]},"metadata":{"operationMetadataId":"3f6cf49e-9c95-4fef-92dc-a9f295020d74"},"type":"OpenApiConnection","inputs":{"host":{"apiId":"/providers/Microsoft.PowerApps/apis/shared_conversionservice","connectionName":"shared_conversionservice","operationId":"HtmlToText"},"parameters":{"Content":"<p>&lt;html&gt;<br>\n&lt;head&gt;<br>\n&lt;style&gt;<br>\nbody { font-family: Arial, sans-serif; }<br>\nh1 { color: #333; }<br>\n&lt;/style&gt;<br>\n&lt;/head&gt;<br>\n&lt;body&gt;<br>\n&lt;h1&gt;Screen-Inhalt&lt;/h1&gt;<br>\n&lt;p&gt;Textinhalt: &lt;strong&gt;@{variables('TextData')}&lt;/strong&gt;&lt;/p&gt;<br>\n&lt;img src=\"data:image/png;base64,@{variables('ImageData')}\"/&gt;<br>\n&lt;/body&gt;<br>\n&lt;/html&gt;<br>\n</p>"},"authentication":{"value":"@json(decodeBase64(triggerOutputs().headers['X-MS-APIM-Tokens']))['$ConnectionKey']","type":"Raw"}}},"Datei_erstellen":{"runAfter":{"HTML_zu_Text":["Succeeded"]},"metadata":{"operationMetadataId":"6d9afa45-f4b4-4a25-bf39-2b18924b1a40"},"type":"OpenApiConnection","inputs":{"host":{"apiId":"/providers/Microsoft.PowerApps/apis/shared_onedriveforbusiness","connectionName":"shared_onedriveforbusiness","operationId":"CreateFile"},"parameters":{"folderPath":"/","name":"GeneratedPDF_@{utcNow()}.pdf","body":"@body('HTML_zu_Text')"},"authentication":{"value":"@json(decodeBase64(triggerOutputs().headers['X-MS-APIM-Tokens']))['$ConnectionKey']","type":"Raw"}},"runtimeConfiguration":{"contentTransfer":{"transferMode":"Chunked"}}},"Freigabelink_erstellen":{"runAfter":{"Datei_erstellen":["Succeeded"]},"metadata":{"operationMetadataId":"a7ea3d53-9a2b-4cbb-a6ec-789d34d47266"},"type":"OpenApiConnection","inputs":{"host":{"apiId":"/providers/Microsoft.PowerApps/apis/shared_onedriveforbusiness","connectionName":"shared_onedriveforbusiness","operationId":"CreateShareLinkV2"},"parameters":{"id":"GeneratedPDF_@{utcNow()}.pdf","type":"View","scope":"Anonymous"},"authentication":{"value":"@json(decodeBase64(triggerOutputs().headers['X-MS-APIM-Tokens']))['$ConnectionKey']","type":"Raw"}}},"Respond_to_a_Power_App_or_flow":{"runAfter":{"Freigabelink_erstellen":["Succeeded"]},"metadata":{"operationMetadataId":"55a473ad-4118-4a36-a524-0ecec9f89dfa"},"type":"Response","kind":"PowerApp","inputs":{"statusCode":200,"body":{"pdflink":"@outputs('Freigabelink_erstellen')?['body/WebUrl']","textdata":"@variables('TextData')"},"schema":{"type":"object","properties":{"pdflink":{"title":"PDFLink","x-ms-dynamically-added":true,"type":"string"},"textdata":{"title":"TextData","x-ms-dynamically-added":true,"type":"string"}}}}}}},"connectionReferences":{"shared_conversionservice":{"connectionName":"shared-conversionser-165ece47-948b-4cf9-87cf-1b9a9cd74785","source":"Invoker","id":"/providers/Microsoft.PowerApps/apis/shared_conversionservice","tier":"NotSpecified","apiName":"conversionservice"},"shared_onedriveforbusiness":{"connectionName":"b337bdbff8684e7f83dfb6eda1cfb4f4","source":"Invoker","id":"/providers/Microsoft.PowerApps/apis/shared_onedriveforbusiness","tier":"NotSpecified","apiName":"onedriveforbusiness"}},"flowFailureAlertSubscribed":false,"isManaged":false}}