{"schemaVersion":"1.0","appDefinitionTemplate":{"id":"/providers/Microsoft.PowerApps/apps/","type":"Microsoft.PowerApps/apps","tags":{"primaryDeviceWidth":"794","primaryDeviceHeight":"1123","supportsPortrait":"true","supportsLandscape":"true","primaryFormFactor":"Tablet","showStatusBar":"false","publisherVersion":"3.24111.11","minimumRequiredApiVersion":"2.2.0","hasComponent":"false","hasUnlockedComponent":"false","isUnifiedRootApp":"false","sienaVersion":"20241120T131019Z-3.24111.11.0"},"properties":{"appVersion":"2024-11-20T13:10:19Z","lifeCycleId":"Published","createdByClientVersion":{"major":3,"minor":24111,"build":11,"revision":0,"majorRevision":0,"minorRevision":0},"minClientVersion":{"major":3,"minor":24111,"build":11,"revision":0,"majorRevision":0,"minorRevision":0},"backgroundColor":"RGBA(0,176,240,1)","backgroundImageUri":"/9784822322178362172/N74d03c6f-faae-4fae-8965-6ddca49b605d-logoSmallFile","displayName":"Vertrag Automatisierung","description":"","commitMessage":"","appUris":{"documentUri":{"value":"/9784822322178362172/Nba79756d-bbec-4af5-88c1-cccd2b8ae222-document.msapp"},"imageUris":[],"additionalUris":[{"isSolutionAware":false,"value":"/9784822322178362172/N13227d23-23f8-4aa9-ba18-f34b300d770e-identity.json"}]},"createdTime":"0001-01-01T00:00:00Z","lastModifiedTime":"0001-01-01T00:00:00Z","sharedGroupsCount":0,"sharedUsersCount":0,"connectionReferences":{"5ba1ac14-db9f-48ed-92c7-61ce315b346f":{"id":"388e63e5-d2c6-44e2-a836-81615af4b108","displayName":"Logik-Flows","iconUri":"https://connectoricons-prod.azureedge.net/releases/v1.0.1719/1.0.1719.3955/logicflows/icon.png","dataSources":["PushTest"],"dependencies":["0ee2ad8f-1361-4fd5-81b1-187453af60bc"],"dependents":[],"parameterHints":{"workflowName":{"value":"6fb14632-9017-4850-b2de-193b22deabdb"},"workflowEntityId":{},"workflowDisplayName":{"value":"PushTest"},"0ee2ad8f-1361-4fd5-81b1-187453af60bc":{"value":"shared_flowpush"}},"parameterHintsV2":{"workflowName":{"value":"6fb14632-9017-4850-b2de-193b22deabdb"},"workflowEntityId":{},"workflowDisplayName":{"value":"PushTest"},"shared_flowpush":{"value":"0ee2ad8f-1361-4fd5-81b1-187453af60bc"}},"isOnPremiseConnection":false,"bypassConsent":false,"dataSets":{},"apiTier":"Standard","isCustomApiConnection":false,"nestedActions":[{"id":"/providers/Microsoft.PowerApps/apis/shared_flowpush/apiOperations/SendNotification","apiName":"Benachrichtigungen","actionName":"SendNotification","referencedResources":[]}]},"0ee2ad8f-1361-4fd5-81b1-187453af60bc":{"id":"10f9b825-6392-471d-9ab9-55d6c4d967a2","displayName":"Benachrichtigungen","iconUri":"https://connectoricons-prod.azureedge.net/releases/v1.0.1718/1.0.1718.3946/flowpush/icon.png","dataSources":[],"dependencies":[],"dependents":["5ba1ac14-db9f-48ed-92c7-61ce315b346f"],"parameterHints":{},"parameterHintsV2":{},"isOnPremiseConnection":false,"bypassConsent":false,"dataSets":{},"apiTier":"Standard","isCustomApiConnection":false},"8a8b8184-0c57-4368-a9f0-e4454a6068ea":{"id":"ff84ce2a-caff-4120-aed4-45ec55cfca5d","displayName":"Excel Online (Business)","iconUri":"https://connectoricons-prod.azureedge.net/releases/v1.0.1718/1.0.1718.3946/excelonlinebusiness/icon.png","dataSources":["Name","Vertrag","Kaufvertrag","Tabelle2"],"dependencies":[],"dependents":[],"parameterHints":{},"parameterHintsV2":{},"isOnPremiseConnection":false,"bypassConsent":false,"dataSets":{"me,b%2521n_kSZLZxMkClWZ1pIBCyvmWrI25q6qZMu-Yag8YBIyr1QQ1hcNwyQb75n5N5s_vM,01RAHAHBHBHMAACKFXQBFJWS7PFUATZYHP":{"dataSources":{"Name":{"tableName":"{8B8A99FC-60CB-444A-B43E-5F9AC520CD02}"},"Vertrag":{"tableName":"{2625D18B-5200-4476-AA4B-7B157D1C003B}"},"Kaufvertrag":{"tableName":"{91100391-F999-4361-8078-85C6687D5E1B}"}}},"me,b%2521n_kSZLZxMkClWZ1pIBCyvmWrI25q6qZMu-Yag8YBIyr1QQ1hcNwyQb75n5N5s_vM,01RAHAHBHCR33EJDIJZRBJNHQ2GFPYUNNT":{"dataSources":{"Tabelle2":{"tableName":"{CC337050-D98F-46B6-A6CB-18FF0D53DC36}"}}}},"apiTier":"Standard","isCustomApiConnection":false},"d43a1117-c513-4988-b499-984c0aa819a5":{"id":"388e63e5-d2c6-44e2-a836-81615af4b108","displayName":"Logik-Flows","iconUri":"https://connectoricons-prod.azureedge.net/releases/v1.0.1719/1.0.1719.3955/logicflows/icon.png","dataSources":["PDF_Erstellen"],"dependencies":["bb5f61d9-dd60-4a21-ad54-a27dc9917b96"],"dependents":[],"parameterHints":{"workflowName":{"value":"6ff73005-8dbf-46d5-abc2-078ee3b61bb3"},"workflowEntityId":{},"workflowDisplayName":{"value":"PDF_Erstellen"},"bb5f61d9-dd60-4a21-ad54-a27dc9917b96":{"value":"shared_onedriveforbusiness"}},"parameterHintsV2":{"workflowName":{"value":"6ff73005-8dbf-46d5-abc2-078ee3b61bb3"},"workflowEntityId":{},"workflowDisplayName":{"value":"PDF_Erstellen"},"shared_onedriveforbusiness":{"value":"bb5f61d9-dd60-4a21-ad54-a27dc9917b96"}},"isOnPremiseConnection":false,"bypassConsent":false,"dataSets":{},"apiTier":"Standard","isCustomApiConnection":false,"nestedActions":[{"id":"/providers/Microsoft.PowerApps/apis/shared_onedriveforbusiness/apiOperations/CreateFile","apiName":"OneDrive for Business","actionName":"CreateFile","referencedResources":[]}]},"bb5f61d9-dd60-4a21-ad54-a27dc9917b96":{"id":"e58cc746-8cbe-4a3e-8b32-7a5bbb2cc3a1","displayName":"OneDrive for Business","iconUri":"https://connectoricons-prod.azureedge.net/releases/v1.0.1689/1.0.1689.3722/onedriveforbusiness/icon.png","dataSources":[],"dependencies":[],"dependents":["d43a1117-c513-4988-b499-984c0aa819a5","4f110dfb-557c-4000-b55e-8b92aaebfc3f","ee01607c-6817-4b55-9a6b-f208dad615bf"],"parameterHints":{},"parameterHintsV2":{},"isOnPremiseConnection":false,"bypassConsent":false,"dataSets":{},"apiTier":"Standard","isCustomApiConnection":false},"4f110dfb-557c-4000-b55e-8b92aaebfc3f":{"id":"388e63e5-d2c6-44e2-a836-81615af4b108","displayName":"Logik-Flows","iconUri":"https://connectoricons-prod.azureedge.net/releases/v1.0.1719/1.0.1719.3955/logicflows/icon.png","dataSources":["VertragAlsWord"],"dependencies":["bb5f61d9-dd60-4a21-ad54-a27dc9917b96"],"dependents":[],"parameterHints":{"workflowName":{"value":"fa4779fd-4ae5-467f-ae64-cb5a50d0d389"},"workflowEntityId":{},"workflowDisplayName":{"value":"VertragAlsWord"},"bb5f61d9-dd60-4a21-ad54-a27dc9917b96":{"value":"shared_onedriveforbusiness"}},"parameterHintsV2":{"workflowName":{"value":"fa4779fd-4ae5-467f-ae64-cb5a50d0d389"},"workflowEntityId":{},"workflowDisplayName":{"value":"VertragAlsWord"},"shared_onedriveforbusiness":{"value":"bb5f61d9-dd60-4a21-ad54-a27dc9917b96"}},"isOnPremiseConnection":false,"bypassConsent":false,"dataSets":{},"apiTier":"Standard","isCustomApiConnection":false,"nestedActions":[{"id":"/providers/Microsoft.PowerApps/apis/shared_onedriveforbusiness/apiOperations/CreateFile","apiName":"OneDrive for Business","actionName":"CreateFile","referencedResources":[]}]},"f4b54a3c-d3a2-429d-a4de-4e6dc69e4733":{"id":"cdaa8a14-f8eb-434f-bd63-e94cf7fc0350","displayName":"Office 365 Outlook","iconUri":"https://connectoricons-prod.azureedge.net/releases/v1.0.1716/1.0.1716.3922/office365/icon.png","dataSources":["Office365Outlook"],"dependencies":[],"dependents":[],"parameterHints":{},"parameterHintsV2":{},"isOnPremiseConnection":false,"bypassConsent":false,"dataSets":{},"apiTier":"Standard","isCustomApiConnection":false},"774a2abf-4258-4646-a8ed-646344e97606":{"id":"09b67e7d-16c6-4537-9ed3-953e85c837ac","displayName":"SharePoint","iconUri":"https://connectoricons-prod.azureedge.net/u/jayawan/releases/v1.0.1697/1.0.1697.3786/sharepointonline/icon.png","dataSources":["Dokumente"],"dependencies":[],"dependents":[],"parameterHints":{},"parameterHintsV2":{},"isOnPremiseConnection":false,"bypassConsent":false,"dataSets":{"https://mattedv.sharepoint.com/sites/MATTEDVAlle":{"dataSources":{"Dokumente":{"tableName":"e7d40bab-7c3f-4da1-8103-265136d0ed11"}}}},"apiTier":"Standard","isCustomApiConnection":false},"ee01607c-6817-4b55-9a6b-f208dad615bf":{"id":"388e63e5-d2c6-44e2-a836-81615af4b108","displayName":"Logik-Flows","iconUri":"https://connectoricons-prod.azureedge.net/releases/v1.0.1719/1.0.1719.3955/logicflows/icon.png","dataSources":["GeneratePDFfromPowerApps"],"dependencies":["ec095cdc-e203-495c-800e-b813f9575783","bb5f61d9-dd60-4a21-ad54-a27dc9917b96"],"dependents":[],"parameterHints":{"workflowName":{"value":"2f944053-fdbb-412e-8af3-a888811c736c"},"workflowEntityId":{},"workflowDisplayName":{"value":"GeneratePDFfromPowerApps"},"ec095cdc-e203-495c-800e-b813f9575783":{"value":"shared_conversionservice"},"bb5f61d9-dd60-4a21-ad54-a27dc9917b96":{"value":"shared_onedriveforbusiness"}},"parameterHintsV2":{"workflowName":{"value":"2f944053-fdbb-412e-8af3-a888811c736c"},"workflowEntityId":{},"workflowDisplayName":{"value":"GeneratePDFfromPowerApps"},"shared_conversionservice":{"value":"ec095cdc-e203-495c-800e-b813f9575783"},"shared_onedriveforbusiness":{"value":"bb5f61d9-dd60-4a21-ad54-a27dc9917b96"}},"isOnPremiseConnection":false,"bypassConsent":false,"dataSets":{},"apiTier":"Standard","isCustomApiConnection":false,"nestedActions":[{"id":"/providers/Microsoft.PowerApps/apis/shared_conversionservice/apiOperations/HtmlToText","apiName":"Inhaltskonvertierung","actionName":"HtmlToText","referencedResources":[]},{"id":"/providers/Microsoft.PowerApps/apis/shared_onedriveforbusiness/apiOperations/CreateFile","apiName":"OneDrive for Business","actionName":"CreateFile","referencedResources":[]},{"id":"/providers/Microsoft.PowerApps/apis/shared_onedriveforbusiness/apiOperations/CreateShareLinkV2","apiName":"OneDrive for Business","actionName":"CreateShareLinkV2","referencedResources":[]}]},"ec095cdc-e203-495c-800e-b813f9575783":{"id":"00c01f8a-db56-4372-a6ac-302bea9575f1","displayName":"Inhaltskonvertierung","iconUri":"https://connectoricons-prod.azureedge.net/releases/v1.0.1718/1.0.1718.3951/conversionservice/icon.png","dataSources":[],"dependencies":[],"dependents":["ee01607c-6817-4b55-9a6b-f208dad615bf"],"parameterHints":{},"parameterHintsV2":{},"isOnPremiseConnection":false,"bypassConsent":false,"dataSets":{},"apiTier":"Standard","isCustomApiConnection":false},"34803287-db52-45f0-93e3-d2e7aed727a0":{"id":"388e63e5-d2c6-44e2-a836-81615af4b108","displayName":"Logik-Flows","iconUri":"https://connectoricons-prod.azureedge.net/releases/v1.0.1719/1.0.1719.3955/logicflows/icon.png","dataSources":["Rechnungserstellung"],"dependencies":["288dc22f-16a4-4867-ab05-46722d8c3954"],"dependents":[],"parameterHints":{"workflowName":{"value":"3fb66e92-0db0-485a-a347-dfd85d9e5af7"},"workflowEntityId":{},"workflowDisplayName":{"value":"Rechnungserstellung"},"288dc22f-16a4-4867-ab05-46722d8c3954":{"value":"shared_sharepointonline_1"}},"parameterHintsV2":{"workflowName":{"value":"3fb66e92-0db0-485a-a347-dfd85d9e5af7"},"workflowEntityId":{},"workflowDisplayName":{"value":"Rechnungserstellung"},"shared_sharepointonline_1":{"value":"288dc22f-16a4-4867-ab05-46722d8c3954"}},"isOnPremiseConnection":false,"bypassConsent":false,"dataSets":{},"apiTier":"Standard","isCustomApiConnection":false,"actions":["Run"],"nestedActions":[{"id":"/providers/Microsoft.PowerApps/apis/shared_sharepointonline/apiOperations/CreateFile","apiName":"SharePoint","actionName":"CreateFile","referencedResources":[{"key":"site","value":"https://mattedv.sharepoint.com/sites/Projekte"}]}]},"288dc22f-16a4-4867-ab05-46722d8c3954":{"id":"09b67e7d-16c6-4537-9ed3-953e85c837ac","displayName":"SharePoint","iconUri":"https://connectoricons-prod.azureedge.net/u/jayawan/releases/v1.0.1697/1.0.1697.3786/sharepointonline/icon.png","dataSources":[],"dependencies":[],"dependents":["34803287-db52-45f0-93e3-d2e7aed727a0"],"parameterHints":{},"parameterHintsV2":{},"isOnPremiseConnection":false,"bypassConsent":false,"dataSets":{},"apiTier":"Standard","isCustomApiConnection":false}},"databaseReferences":{"default.cds":{"databaseDetails":{"referenceType":"Environmental","environmentName":"default.cds","overrideValues":{"status":"NotSpecified","environmentVariableName":""}},"dataSources":{"Tabelle1":{"entitySetName":"crfe4_tabelle11s","logicalName":"crfe4_tabelle11","isHidden":false},"Datenprotokoll":{"entitySetName":"crfe4_datenprotokolls","logicalName":"crfe4_datenprotokoll","isHidden":false},"Datenprotokoll_1":{"entitySetName":"crfe4_datenprotokoll1s","logicalName":"crfe4_datenprotokoll1","isHidden":false}}}},"almMode":"Environment","performanceOptimizationEnabled":false,"canConsumeAppPass":false,"enableModernRuntimeMode":false,"executionRestrictions":{"isTeamsOnly":false,"dataLossPreventionEvaluationResult":{"status":"Compliant","lastEvaluationDate":"2024-11-20T13:10:23.9253291Z","violations":[],"violationsByPolicy":[],"violationErrorMessage":"Die App verwendet die folgenden Connectors: shared_logicflows, shared_flowpush, shared_excelonlinebusiness, shared_onedriveforbusiness, shared_office365, shared_sharepointonline, shared_conversionservice, shared_commondataservice."},"httpActionRestriction":{"appUsesSharepointHttpAction":false,"enforcementStrategy":"Legacy","evaluationTime":"2024-11-20T13:10:23.9247178Z"}}},"appType":"ClassicCanvasApp","appComponents":[]}}