{"name":"0cba4e01-19bd-4d56-983b-5746b532b6ee","id":"/providers/Microsoft.Flow/flows/0cba4e01-19bd-4d56-983b-5746b532b6ee","type":"Microsoft.Flow/flows","properties":{"apiId":"/providers/Microsoft.PowerApps/apis/shared_logicflows","displayName":"Rechnungserstellung","definition":{"metadata":{"workflowEntityId":null,"processAdvisorMetadata":null,"flowChargedByPaygo":null,"flowclientsuspensionreason":"None","flowclientsuspensiontime":null,"flowclientsuspensionreasondetails":null,"creator":{"id":"db756695-8862-4d1f-bcc1-224b2c2ef194","type":"User","tenantId":"2e90887b-7ff9-4e8b-ab34-d35f3b5c0133"},"provisioningMethod":"FromDefinition","failureAlertSubscription":true,"clientLastModifiedTime":"2024-11-20T10:58:10.4725177Z","connectionKeySavedTimeKey":"2024-11-20T10:58:10.4725177Z"},"$schema":"https://schema.management.azure.com/providers/Microsoft.Logic/schemas/2016-06-01/workflowdefinition.json#","contentVersion":"1.0.0.0","parameters":{"$connections":{"defaultValue":{},"type":"Object"},"$authentication":{"defaultValue":{},"type":"SecureObject"}},"triggers":{"manual":{"metadata":{"operationMetadataId":"e8aed979-e765-4dee-ab74-582dfa29e4a8"},"type":"Request","kind":"PowerAppV2","inputs":{"schema":{"type":"object","properties":{"file":{"title":"Dateiinhalt","type":"object","x-ms-dynamically-added":true,"description":"Datei oder Image auswählen","x-ms-content-hint":"FILE","properties":{"name":{"type":"string"},"contentBytes":{"type":"string","format":"byte"}}}},"required":[]}}}},"actions":{"Datei_erstellen":{"runAfter":{},"metadata":{"operationMetadataId":"f4c817e1-5660-42b3-a958-cb437bf88cfd"},"type":"OpenApiConnection","inputs":{"host":{"apiId":"/providers/Microsoft.PowerApps/apis/shared_sharepointonline","connectionName":"shared_sharepointonline_1","operationId":"CreateFile"},"parameters":{"dataset":"https://mattedv.sharepoint.com/sites/Projekte","folderPath":"/Freigegebene Dokumente/PowerApps","name":"@triggerBody()['file']['name']","body":"@triggerBody()['file']['contentBytes']"},"authentication":{"value":"@json(decodeBase64(triggerOutputs().headers['X-MS-APIM-Tokens']))['$ConnectionKey']","type":"Raw"}},"runtimeConfiguration":{"contentTransfer":{"transferMode":"Chunked"}}}}},"connectionReferences":{"shared_sharepointonline_1":{"connectionName":"shared-sharepointonl-1494f090-9cb9-4100-a402-da9119db5a8e","source":"Invoker","id":"/providers/Microsoft.PowerApps/apis/shared_sharepointonline","tier":"NotSpecified","apiName":"sharepointonline"}},"flowFailureAlertSubscribed":false,"isManaged":false}}