{"name":"564b7550-cfc7-4908-9373-f9914588891f","id":"/providers/Microsoft.Flow/flows/564b7550-cfc7-4908-9373-f9914588891f","type":"Microsoft.Flow/flows","properties":{"apiId":"/providers/Microsoft.PowerApps/apis/shared_logicflows","displayName":"VertragAlsWord","definition":{"metadata":{"workflowEntityId":null,"processAdvisorMetadata":null,"flowChargedByPaygo":null,"flowclientsuspensionreason":"None","flowclientsuspensiontime":null,"flowclientsuspensionreasondetails":null,"creator":{"id":"db756695-8862-4d1f-bcc1-224b2c2ef194","type":"User","tenantId":"2e90887b-7ff9-4e8b-ab34-d35f3b5c0133"},"provisioningMethod":"FromDefinition","failureAlertSubscription":true,"clientLastModifiedTime":"2024-10-15T14:10:50.4277957Z","connectionKeySavedTimeKey":"2024-10-15T14:10:50.4277957Z"},"$schema":"https://schema.management.azure.com/providers/Microsoft.Logic/schemas/2016-06-01/workflowdefinition.json#","contentVersion":"1.0.0.0","parameters":{"$connections":{"defaultValue":{},"type":"Object"},"$authentication":{"defaultValue":{},"type":"SecureObject"}},"triggers":{"manual":{"metadata":{"operationMetadataId":"00b21d0d-f25b-40c1-a454-fbedc0bf2760"},"type":"Request","kind":"PowerAppV2","inputs":{"schema":{"type":"object","properties":{},"required":[]}}}},"actions":{"Datei_erstellen":{"runAfter":{},"metadata":{"operationMetadataId":"f9070532-7c2c-4f34-8763-72e0dc9f2619"},"type":"OpenApiConnection","inputs":{"host":{"apiId":"/providers/Microsoft.PowerApps/apis/shared_onedriveforbusiness","connectionName":"shared_onedriveforbusiness","operationId":"CreateFile"},"parameters":{"folderPath":"/Dokumente","name":"powerappstest.docx","body":"Your data with <<name>> replaced."},"authentication":{"value":"@json(decodeBase64(triggerOutputs().headers['X-MS-APIM-Tokens']))['$ConnectionKey']","type":"Raw"}},"runtimeConfiguration":{"contentTransfer":{"transferMode":"Chunked"}}}}},"connectionReferences":{"shared_onedriveforbusiness":{"connectionName":"b337bdbff8684e7f83dfb6eda1cfb4f4","source":"Invoker","id":"/providers/Microsoft.PowerApps/apis/shared_onedriveforbusiness","tier":"NotSpecified","apiName":"onedriveforbusiness"}},"flowFailureAlertSubscribed":false,"isManaged":false}}