{"name":"9e95eaf3-4493-4e0c-baee-50d4f7098675","id":"/providers/Microsoft.Flow/flows/9e95eaf3-4493-4e0c-baee-50d4f7098675","type":"Microsoft.Flow/flows","properties":{"apiId":"/providers/Microsoft.PowerApps/apis/shared_logicflows","displayName":"PDF_Erstellen","definition":{"metadata":{"workflowEntityId":null,"processAdvisorMetadata":null,"flowChargedByPaygo":null,"flowclientsuspensionreason":"None","flowclientsuspensiontime":null,"flowclientsuspensionreasondetails":null,"creator":{"id":"db756695-8862-4d1f-bcc1-224b2c2ef194","type":"User","tenantId":"2e90887b-7ff9-4e8b-ab34-d35f3b5c0133"},"provisioningMethod":"FromDefinition","failureAlertSubscription":true,"clientLastModifiedTime":"2024-11-11T12:57:03.7384736Z","connectionKeySavedTimeKey":"2024-11-11T12:57:03.7384736Z"},"$schema":"https://schema.management.azure.com/providers/Microsoft.Logic/schemas/2016-06-01/workflowdefinition.json#","contentVersion":"1.0.0.0","parameters":{"$connections":{"defaultValue":{},"type":"Object"},"$authentication":{"defaultValue":{},"type":"SecureObject"}},"triggers":{"manual":{"metadata":{"operationMetadataId":"06bd82c2-08e3-4873-aa44-e196a8a3b18b"},"type":"Request","kind":"PowerAppV2","inputs":{"schema":{"type":"object","properties":{},"required":[]}}}},"actions":{"Datei_erstellen":{"runAfter":{"Variable_initialisieren":["Succeeded"]},"metadata":{"operationMetadataId":"3d616b4a-f151-49f0-be35-d2c47c02fd4c"},"type":"OpenApiConnection","inputs":{"host":{"apiId":"/providers/Microsoft.PowerApps/apis/shared_onedriveforbusiness","connectionName":"shared_onedriveforbusiness","operationId":"CreateFile"},"parameters":{"folderPath":"/","name":"PDF_PeterStraubinger.pdf","body":"@variables('PDFContent')"},"authentication":{"value":"@json(decodeBase64(triggerOutputs().headers['X-MS-APIM-Tokens']))['$ConnectionKey']","type":"Raw"}},"runtimeConfiguration":{"contentTransfer":{"transferMode":"Chunked"}}},"Variable_initialisieren":{"runAfter":{},"metadata":{"operationMetadataId":"be17485a-0289-4f87-a819-4334cdd5833e"},"type":"InitializeVariable","inputs":{"variables":[{"name":"PDFContent","type":"string","value":"@{triggerBody()}"}]}}}},"connectionReferences":{"shared_onedriveforbusiness":{"connectionName":"b337bdbff8684e7f83dfb6eda1cfb4f4","source":"Invoker","id":"/providers/Microsoft.PowerApps/apis/shared_onedriveforbusiness","tier":"NotSpecified","apiName":"onedriveforbusiness"}},"flowFailureAlertSubscribed":false,"isManaged":false}}