{"name":"ce6b2730-5ef3-4f8e-9516-b66506cde205","id":"/providers/Microsoft.Flow/flows/ce6b2730-5ef3-4f8e-9516-b66506cde205","type":"Microsoft.Flow/flows","properties":{"apiId":"/providers/Microsoft.PowerApps/apis/shared_logicflows","displayName":"PushTest","definition":{"metadata":{"workflowEntityId":null,"processAdvisorMetadata":null,"flowChargedByPaygo":null,"flowclientsuspensionreason":"None","flowclientsuspensiontime":null,"flowclientsuspensionreasondetails":null,"creator":{"id":"db756695-8862-4d1f-bcc1-224b2c2ef194","type":"User","tenantId":"2e90887b-7ff9-4e8b-ab34-d35f3b5c0133"},"provisioningMethod":"FromDefinition","failureAlertSubscription":true,"clientLastModifiedTime":"2024-10-15T14:17:40.9249962Z","connectionKeySavedTimeKey":"2024-10-15T14:17:40.9249962Z"},"$schema":"https://schema.management.azure.com/providers/Microsoft.Logic/schemas/2016-06-01/workflowdefinition.json#","contentVersion":"1.0.0.0","parameters":{"$connections":{"defaultValue":{},"type":"Object"},"$authentication":{"defaultValue":{},"type":"SecureObject"}},"triggers":{"manual":{"type":"Request","kind":"PowerAppV2","inputs":{"schema":{"type":"object","properties":{"Sendapushnotification_Text":{"type":"string","description":"Eine Benachrichtigung erstellen. Dieser Parameter wird verwendet als Teil von \"5D064D9F-298C-4E7B-82C9-7A6FA463B4CA\"","x-ms-powerflows-param-ispartial":true}},"required":["Sendapushnotification_Text"]}}}},"actions":{"Send_a_push_notification":{"runAfter":{},"type":"OpenApiConnection","inputs":{"host":{"apiId":"/providers/Microsoft.PowerApps/apis/shared_flowpush","connectionName":"shared_flowpush","operationId":"SendNotification"},"parameters":{"NotificationDefinition/notificationText":"@{triggerBody()['Sendapushnotification_Text']}Test erfolgreich!!"},"authentication":{"value":"@json(decodeBase64(triggerOutputs().headers['X-MS-APIM-Tokens']))['$ConnectionKey']","type":"Raw"}}}},"outputs":{},"description":"Senden Sie per Mausklick auf die Power Apps-Schaltfläche eine Pushbenachrichtigung."},"connectionReferences":{"shared_flowpush":{"connectionName":"shared-flowpush-7da77ba8-e631-49e8-a29c-491d497d021f","source":"Invoker","id":"/providers/Microsoft.PowerApps/apis/shared_flowpush","tier":"NotSpecified","apiName":"flowpush"}},"flowFailureAlertSubscribed":false,"isManaged":false}}